instance,formulation,topology,topology_label,topology_size,timeout,tries,seed,logical_variables,logical_edges,sweep,success,elapsed,physical_qubits,avg_chain_length,max_chain_length,embedding_overhead
4x4,MS,pegasus,qpu:pegasus,-1,300,5,2024,120,2540,timeout,True,33.56342539999969,1118.0,9.316666666666666,17.0,9.316666666666666
4x4,MS,pegasus,qpu:pegasus,-1,300,5,2025,120,2540,timeout,True,23.785200299998905,998.0,8.316666666666666,13.0,8.316666666666666
4x4,MS,pegasus,qpu:pegasus,-1,300,5,2026,120,2540,timeout,True,26.62708399999974,1192.0,9.933333333333334,16.0,9.933333333333334
4x4,MS,pegasus,qpu:pegasus,-1,300,5,2027,120,2540,timeout,True,26.651105599999937,1107.0,9.225,16.0,9.225
4x4,MS,pegasus,qpu:pegasus,-1,300,5,2028,120,2540,timeout,True,23.72532429999956,1035.0,8.625,13.0,8.625
4x4,MS,pegasus,qpu:pegasus,-1,600,5,2024,120,2540,timeout,True,32.66658720000123,1118.0,9.316666666666666,17.0,9.316666666666666
4x4,MS,pegasus,qpu:pegasus,-1,600,5,2025,120,2540,timeout,True,23.38335150000057,998.0,8.316666666666666,13.0,8.316666666666666
4x4,MS,pegasus,qpu:pegasus,-1,600,5,2026,120,2540,timeout,True,26.59037730000091,1192.0,9.933333333333334,16.0,9.933333333333334
4x4,MS,pegasus,qpu:pegasus,-1,600,5,2027,120,2540,timeout,True,26.34741000000031,1107.0,9.225,16.0,9.225
4x4,MS,pegasus,qpu:pegasus,-1,600,5,2028,120,2540,timeout,True,23.724546199999168,1035.0,8.625,13.0,8.625
4x4,MS,pegasus,qpu:pegasus,-1,1200,5,2024,120,2540,timeout,True,32.40010439999969,1118.0,9.316666666666666,17.0,9.316666666666666
4x4,MS,pegasus,qpu:pegasus,-1,1200,5,2025,120,2540,timeout,True,23.40024970000013,998.0,8.316666666666666,13.0,8.316666666666666
4x4,MS,pegasus,qpu:pegasus,-1,1200,5,2026,120,2540,timeout,True,26.1857973999995,1192.0,9.933333333333334,16.0,9.933333333333334
4x4,MS,pegasus,qpu:pegasus,-1,1200,5,2027,120,2540,timeout,True,26.195436499998323,1107.0,9.225,16.0,9.225
4x4,MS,pegasus,qpu:pegasus,-1,1200,5,2028,120,2540,timeout,True,23.4651744999992,1035.0,8.625,13.0,8.625
4x4,MS,pegasus,qpu:pegasus,-1,2400,5,2024,120,2540,timeout,True,32.019115899998724,1118.0,9.316666666666666,17.0,9.316666666666666
4x4,MS,pegasus,qpu:pegasus,-1,2400,5,2025,120,2540,timeout,True,23.4138071999987,998.0,8.316666666666666,13.0,8.316666666666666
4x4,MS,pegasus,qpu:pegasus,-1,2400,5,2026,120,2540,timeout,True,26.34290450000117,1192.0,9.933333333333334,16.0,9.933333333333334
4x4,MS,pegasus,qpu:pegasus,-1,2400,5,2027,120,2540,timeout,True,26.396798100000524,1107.0,9.225,16.0,9.225
4x4,MS,pegasus,qpu:pegasus,-1,2400,5,2028,120,2540,timeout,True,23.922683900000266,1035.0,8.625,13.0,8.625
6x6,MS,pegasus,qpu:pegasus,-1,300,5,2024,259,8701,timeout,False,306.8346184999991,,,,
6x6,MS,pegasus,qpu:pegasus,-1,300,5,2025,259,8701,timeout,True,277.386688999999,4675.0,18.05019305019305,35.0,18.05019305019305
6x6,MS,pegasus,qpu:pegasus,-1,300,5,2026,259,8701,timeout,False,308.24076819999937,,,,
6x6,MS,pegasus,qpu:pegasus,-1,300,5,2027,259,8701,timeout,False,304.2684169999993,,,,
6x6,MS,pegasus,qpu:pegasus,-1,300,5,2028,259,8701,timeout,False,307.8383190000004,,,,
6x6,MS,pegasus,qpu:pegasus,-1,600,5,2024,259,8701,timeout,False,417.49817330000224,,,,
6x6,MS,pegasus,qpu:pegasus,-1,600,5,2025,259,8701,timeout,True,281.99101310000333,4675.0,18.05019305019305,35.0,18.05019305019305
6x6,MS,pegasus,qpu:pegasus,-1,600,5,2026,259,8701,timeout,False,545.3609327999984,,,,
6x6,MS,pegasus,qpu:pegasus,-1,600,5,2027,259,8701,timeout,False,609.6813148000001,,,,
6x6,MS,pegasus,qpu:pegasus,-1,600,5,2028,259,8701,timeout,False,605.9928559,,,,
6x6,MS,pegasus,qpu:pegasus,-1,1200,5,2024,259,8701,timeout,False,419.0572108000015,,,,
6x6,MS,pegasus,qpu:pegasus,-1,1200,5,2025,259,8701,timeout,True,285.73373280000305,4675.0,18.05019305019305,35.0,18.05019305019305
6x6,MS,pegasus,qpu:pegasus,-1,1200,5,2026,259,8701,timeout,False,540.6409478999994,,,,
6x6,MS,pegasus,qpu:pegasus,-1,1200,5,2027,259,8701,timeout,True,772.0537786000023,4755.0,18.35907335907336,37.0,18.35907335907336
6x6,MS,pegasus,qpu:pegasus,-1,1200,5,2028,259,8701,timeout,True,629.2820174999979,4705.0,18.16602316602317,40.0,18.16602316602317
6x6,MS,pegasus,qpu:pegasus,-1,2400,5,2024,259,8701,timeout,False,417.1369274000026,,,,
6x6,MS,pegasus,qpu:pegasus,-1,2400,5,2025,259,8701,timeout,True,287.51176850000047,4675.0,18.05019305019305,35.0,18.05019305019305
6x6,MS,pegasus,qpu:pegasus,-1,2400,5,2026,259,8701,timeout,False,544.8704422999981,,,,
6x6,MS,pegasus,qpu:pegasus,-1,2400,5,2027,259,8701,timeout,True,769.5523501000025,4755.0,18.35907335907336,37.0,18.35907335907336
6x6,MS,pegasus,qpu:pegasus,-1,2400,5,2028,259,8701,timeout,True,623.8401172999984,4705.0,18.16602316602317,40.0,18.16602316602317
8x8,MS,pegasus,qpu:pegasus,-1,300,5,2024,413,17603,timeout,False,316.40014169999995,,,,
8x8,MS,pegasus,qpu:pegasus,-1,300,5,2025,413,17603,timeout,False,316.7356293000012,,,,
8x8,MS,pegasus,qpu:pegasus,-1,300,5,2026,413,17603,timeout,False,315.3821655000029,,,,
8x8,MS,pegasus,qpu:pegasus,-1,300,5,2027,413,17603,timeout,False,302.940322800001,,,,
8x8,MS,pegasus,qpu:pegasus,-1,300,5,2028,413,17603,timeout,False,312.8447782000003,,,,
8x8,MS,pegasus,qpu:pegasus,-1,600,5,2024,413,17603,timeout,False,609.7597964000015,,,,
8x8,MS,pegasus,qpu:pegasus,-1,600,5,2025,413,17603,timeout,False,608.3396783000026,,,,
8x8,MS,pegasus,qpu:pegasus,-1,600,5,2026,413,17603,timeout,False,613.9569470000024,,,,
8x8,MS,pegasus,qpu:pegasus,-1,600,5,2027,413,17603,timeout,False,614.9362847999982,,,,
8x8,MS,pegasus,qpu:pegasus,-1,600,5,2028,413,17603,timeout,False,611.6231221000016,,,,
8x8,MS,pegasus,qpu:pegasus,-1,1200,5,2024,413,17603,timeout,False,1217.4636973000015,,,,
8x8,MS,pegasus,qpu:pegasus,-1,1200,5,2025,413,17603,timeout,False,1212.229484399999,,,,
8x8,MS,pegasus,qpu:pegasus,-1,1200,5,2026,413,17603,timeout,False,1208.2886782000023,,,,
8x8,MS,pegasus,qpu:pegasus,-1,1200,5,2027,413,17603,timeout,False,1217.126199000002,,,,
8x8,MS,pegasus,qpu:pegasus,-1,1200,5,2028,413,17603,timeout,False,1210.7691801000035,,,,
8x8,MS,pegasus,qpu:pegasus,-1,2400,5,2024,413,17603,timeout,False,2163.429092700004,,,,
8x8,MS,pegasus,qpu:pegasus,-1,2400,5,2025,413,17603,timeout,False,1941.8608099999983,,,,
8x8,MS,pegasus,qpu:pegasus,-1,2400,5,2026,413,17603,timeout,False,2403.647809300004,,,,
8x8,MS,pegasus,qpu:pegasus,-1,2400,5,2027,413,17603,timeout,False,2206.6083067,,,,
8x8,MS,pegasus,qpu:pegasus,-1,2400,5,2028,413,17603,timeout,False,1618.055985300001,,,,
15x15,MS,pegasus,qpu:pegasus,-1,300,5,2024,1439,123857,timeout,False,408.56394120000186,,,,
15x15,MS,pegasus,qpu:pegasus,-1,300,5,2025,1439,123857,timeout,False,415.6674832999997,,,,
15x15,MS,pegasus,qpu:pegasus,-1,300,5,2026,1439,123857,timeout,False,422.3094013000009,,,,
15x15,MS,pegasus,qpu:pegasus,-1,300,5,2027,1439,123857,timeout,False,419.4391791000016,,,,
15x15,MS,pegasus,qpu:pegasus,-1,300,5,2028,1439,123857,timeout,False,413.2322722000026,,,,
15x15,MS,pegasus,qpu:pegasus,-1,600,5,2024,1439,123857,timeout,False,702.3152172000046,,,,
15x15,MS,pegasus,qpu:pegasus,-1,600,5,2025,1439,123857,timeout,False,716.2656096999999,,,,
15x15,MS,pegasus,qpu:pegasus,-1,600,5,2026,1439,123857,timeout,False,718.1088921999981,,,,
15x15,MS,pegasus,qpu:pegasus,-1,600,5,2027,1439,123857,timeout,False,699.8237909000018,,,,
15x15,MS,pegasus,qpu:pegasus,-1,600,5,2028,1439,123857,timeout,False,728.3729508000033,,,,
15x15,MS,pegasus,qpu:pegasus,-1,1200,5,2024,1439,123857,timeout,False,1313.941750900005,,,,
15x15,MS,pegasus,qpu:pegasus,-1,1200,5,2025,1439,123857,timeout,False,1296.525167199994,,,,
15x15,MS,pegasus,qpu:pegasus,-1,1200,5,2026,1439,123857,timeout,False,1298.5030689999985,,,,
15x15,MS,pegasus,qpu:pegasus,-1,1200,5,2027,1439,123857,timeout,False,1310.1874884999995,,,,
15x15,MS,pegasus,qpu:pegasus,-1,1200,5,2028,1439,123857,timeout,False,1318.9469334000023,,,,
15x15,MS,pegasus,qpu:pegasus,-1,2400,5,2024,1439,123857,timeout,False,2496.1373351,,,,
15x15,MS,pegasus,qpu:pegasus,-1,2400,5,2025,1439,123857,timeout,False,2438.0019724000013,,,,
15x15,MS,pegasus,qpu:pegasus,-1,2400,5,2026,1439,123857,timeout,False,2480.229662899997,,,,
15x15,MS,pegasus,qpu:pegasus,-1,2400,5,2027,1439,123857,timeout,False,2495.8938116000063,,,,
15x15,MS,pegasus,qpu:pegasus,-1,2400,5,2028,1439,123857,timeout,False,2492.019339199993,,,,
4x4,MS,zephyr,qpu:zephyr,-1,300,5,2024,120,2540,timeout,True,36.11764599999879,965.0,8.041666666666666,14.0,8.041666666666666
4x4,MS,zephyr,qpu:zephyr,-1,300,5,2025,120,2540,timeout,True,33.66969289999906,918.0,7.65,14.0,7.65
4x4,MS,zephyr,qpu:zephyr,-1,300,5,2026,120,2540,timeout,True,11.38760100000036,1046.0,8.716666666666667,15.0,8.716666666666667
4x4,MS,zephyr,qpu:zephyr,-1,300,5,2027,120,2540,timeout,True,28.78729970000132,825.0,6.875,12.0,6.875
4x4,MS,zephyr,qpu:zephyr,-1,300,5,2028,120,2540,timeout,True,22.35492989999875,1035.0,8.625,16.0,8.625
4x4,MS,zephyr,qpu:zephyr,-1,600,5,2024,120,2540,timeout,True,35.73532030000024,965.0,8.041666666666666,14.0,8.041666666666666
4x4,MS,zephyr,qpu:zephyr,-1,600,5,2025,120,2540,timeout,True,34.065650200000164,918.0,7.65,14.0,7.65
4x4,MS,zephyr,qpu:zephyr,-1,600,5,2026,120,2540,timeout,True,11.300275899999178,1046.0,8.716666666666667,15.0,8.716666666666667
4x4,MS,zephyr,qpu:zephyr,-1,600,5,2027,120,2540,timeout,True,27.86744819999876,825.0,6.875,12.0,6.875
4x4,MS,zephyr,qpu:zephyr,-1,600,5,2028,120,2540,timeout,True,21.94450490000054,1035.0,8.625,16.0,8.625
4x4,MS,zephyr,qpu:zephyr,-1,1200,5,2024,120,2540,timeout,True,34.68853119999949,965.0,8.041666666666666,14.0,8.041666666666666
4x4,MS,zephyr,qpu:zephyr,-1,1200,5,2025,120,2540,timeout,True,32.52643329999955,918.0,7.65,14.0,7.65
4x4,MS,zephyr,qpu:zephyr,-1,1200,5,2026,120,2540,timeout,True,10.849385400000756,1046.0,8.716666666666667,15.0,8.716666666666667
4x4,MS,zephyr,qpu:zephyr,-1,1200,5,2027,120,2540,timeout,True,27.571992900000623,825.0,6.875,12.0,6.875
4x4,MS,zephyr,qpu:zephyr,-1,1200,5,2028,120,2540,timeout,True,21.59999720000087,1035.0,8.625,16.0,8.625
4x4,MS,zephyr,qpu:zephyr,-1,2400,5,2024,120,2540,timeout,True,34.672489000000496,965.0,8.041666666666666,14.0,8.041666666666666
4x4,MS,zephyr,qpu:zephyr,-1,2400,5,2025,120,2540,timeout,True,32.9416655999994,918.0,7.65,14.0,7.65
4x4,MS,zephyr,qpu:zephyr,-1,2400,5,2026,120,2540,timeout,True,10.891990699999951,1046.0,8.716666666666667,15.0,8.716666666666667
4x4,MS,zephyr,qpu:zephyr,-1,2400,5,2027,120,2540,timeout,True,27.82658409999931,825.0,6.875,12.0,6.875
4x4,MS,zephyr,qpu:zephyr,-1,2400,5,2028,120,2540,timeout,True,21.726563899999743,1035.0,8.625,16.0,8.625
6x6,MS,zephyr,qpu:zephyr,-1,300,5,2024,259,8701,timeout,False,304.83185520000006,,,,
6x6,MS,zephyr,qpu:zephyr,-1,300,5,2025,259,8701,timeout,False,305.26764900000126,,,,
6x6,MS,zephyr,qpu:zephyr,-1,300,5,2026,259,8701,timeout,False,306.9882770000004,,,,
6x6,MS,zephyr,qpu:zephyr,-1,300,5,2027,259,8701,timeout,False,307.1486604000001,,,,
6x6,MS,zephyr,qpu:zephyr,-1,300,5,2028,259,8701,timeout,False,306.8724662000004,,,,
6x6,MS,zephyr,qpu:zephyr,-1,600,5,2024,259,8701,timeout,False,441.5154670999982,,,,
6x6,MS,zephyr,qpu:zephyr,-1,600,5,2025,259,8701,timeout,False,602.2568280000014,,,,
6x6,MS,zephyr,qpu:zephyr,-1,600,5,2026,259,8701,timeout,False,602.0721637999995,,,,
6x6,MS,zephyr,qpu:zephyr,-1,600,5,2027,259,8701,timeout,False,600.7989137000004,,,,
6x6,MS,zephyr,qpu:zephyr,-1,600,5,2028,259,8701,timeout,False,564.5127174000008,,,,
6x6,MS,zephyr,qpu:zephyr,-1,1200,5,2024,259,8701,timeout,False,446.04048630000034,,,,
6x6,MS,zephyr,qpu:zephyr,-1,1200,5,2025,259,8701,timeout,False,696.4474381,,,,
6x6,MS,zephyr,qpu:zephyr,-1,1200,5,2026,259,8701,timeout,False,744.8660008000006,,,,
6x6,MS,zephyr,qpu:zephyr,-1,1200,5,2027,259,8701,timeout,False,616.1369281999978,,,,
6x6,MS,zephyr,qpu:zephyr,-1,1200,5,2028,259,8701,timeout,False,566.6726037000008,,,,
6x6,MS,zephyr,qpu:zephyr,-1,2400,5,2024,259,8701,timeout,False,445.8524364999976,,,,
6x6,MS,zephyr,qpu:zephyr,-1,2400,5,2025,259,8701,timeout,False,700.8285538000018,,,,
6x6,MS,zephyr,qpu:zephyr,-1,2400,5,2026,259,8701,timeout,False,738.9207420999992,,,,
6x6,MS,zephyr,qpu:zephyr,-1,2400,5,2027,259,8701,timeout,False,613.4756037000006,,,,
6x6,MS,zephyr,qpu:zephyr,-1,2400,5,2028,259,8701,timeout,False,573.2107161999993,,,,
8x8,MS,zephyr,qpu:zephyr,-1,300,5,2024,413,17603,timeout,False,308.92546270000094,,,,
8x8,MS,zephyr,qpu:zephyr,-1,300,5,2025,413,17603,timeout,False,308.9662888000021,,,,
8x8,MS,zephyr,qpu:zephyr,-1,300,5,2026,413,17603,timeout,False,306.7656844000012,,,,
8x8,MS,zephyr,qpu:zephyr,-1,300,5,2027,413,17603,timeout,False,309.42226109999683,,,,
8x8,MS,zephyr,qpu:zephyr,-1,300,5,2028,413,17603,timeout,False,308.6099041999987,,,,
8x8,MS,zephyr,qpu:zephyr,-1,600,5,2024,413,17603,timeout,False,610.2979943000028,,,,
8x8,MS,zephyr,qpu:zephyr,-1,600,5,2025,413,17603,timeout,False,609.7356414999995,,,,
8x8,MS,zephyr,qpu:zephyr,-1,600,5,2026,413,17603,timeout,False,607.432764000001,,,,
8x8,MS,zephyr,qpu:zephyr,-1,600,5,2027,413,17603,timeout,False,612.9003350999992,,,,
8x8,MS,zephyr,qpu:zephyr,-1,600,5,2028,413,17603,timeout,False,612.9373083999999,,,,
8x8,MS,zephyr,qpu:zephyr,-1,1200,5,2024,413,17603,timeout,False,1209.8217038999974,,,,
8x8,MS,zephyr,qpu:zephyr,-1,1200,5,2025,413,17603,timeout,False,1072.5306238000012,,,,
8x8,MS,zephyr,qpu:zephyr,-1,1200,5,2026,413,17603,timeout,False,1209.0335227000032,,,,
8x8,MS,zephyr,qpu:zephyr,-1,1200,5,2027,413,17603,timeout,False,1034.0675316999989,,,,
8x8,MS,zephyr,qpu:zephyr,-1,1200,5,2028,413,17603,timeout,False,1201.2536460999982,,,,
8x8,MS,zephyr,qpu:zephyr,-1,2400,5,2024,413,17603,timeout,False,1601.105496600001,,,,
8x8,MS,zephyr,qpu:zephyr,-1,2400,5,2025,413,17603,timeout,False,1079.4098496000006,,,,
8x8,MS,zephyr,qpu:zephyr,-1,2400,5,2026,413,17603,timeout,False,1584.7979831999985,,,,
8x8,MS,zephyr,qpu:zephyr,-1,2400,5,2027,413,17603,timeout,False,1041.6204937000002,,,,
8x8,MS,zephyr,qpu:zephyr,-1,2400,5,2028,413,17603,timeout,False,1446.1982200999992,,,,
15x15,MS,zephyr,qpu:zephyr,-1,300,5,2024,1439,123857,timeout,False,399.2237553999949,,,,
15x15,MS,zephyr,qpu:zephyr,-1,300,5,2025,1439,123857,timeout,False,410.0548543000041,,,,
15x15,MS,zephyr,qpu:zephyr,-1,300,5,2026,1439,123857,timeout,False,351.74319800000376,,,,
15x15,MS,zephyr,qpu:zephyr,-1,300,5,2027,1439,123857,timeout,False,414.2826025999966,,,,
15x15,MS,zephyr,qpu:zephyr,-1,300,5,2028,1439,123857,timeout,False,358.0555424999984,,,,
15x15,MS,zephyr,qpu:zephyr,-1,600,5,2024,1439,123857,timeout,False,687.5515374999959,,,,
15x15,MS,zephyr,qpu:zephyr,-1,600,5,2025,1439,123857,timeout,False,692.5128005999941,,,,
15x15,MS,zephyr,qpu:zephyr,-1,600,5,2026,1439,123857,timeout,False,680.316986400001,,,,
15x15,MS,zephyr,qpu:zephyr,-1,600,5,2027,1439,123857,timeout,False,652.3816632999951,,,,
15x15,MS,zephyr,qpu:zephyr,-1,600,5,2028,1439,123857,timeout,False,715.2205804999976,,,,
15x15,MS,zephyr,qpu:zephyr,-1,1200,5,2024,1439,123857,timeout,False,1265.5854335999975,,,,
15x15,MS,zephyr,qpu:zephyr,-1,1200,5,2025,1439,123857,timeout,False,1281.950603600002,,,,
15x15,MS,zephyr,qpu:zephyr,-1,1200,5,2026,1439,123857,timeout,False,1289.8684549999962,,,,
15x15,MS,zephyr,qpu:zephyr,-1,1200,5,2027,1439,123857,timeout,False,1278.6236406000023,,,,
15x15,MS,zephyr,qpu:zephyr,-1,1200,5,2028,1439,123857,timeout,False,1285.5054249000025,,,,
15x15,MS,zephyr,qpu:zephyr,-1,2400,5,2024,1439,123857,timeout,False,2501.366825199999,,,,
15x15,MS,zephyr,qpu:zephyr,-1,2400,5,2025,1439,123857,timeout,False,2449.537696699997,,,,
15x15,MS,zephyr,qpu:zephyr,-1,2400,5,2026,1439,123857,timeout,False,2470.3341688,,,,
15x15,MS,zephyr,qpu:zephyr,-1,2400,5,2027,1439,123857,timeout,False,2484.077111999999,,,,
15x15,MS,zephyr,qpu:zephyr,-1,2400,5,2028,1439,123857,timeout,False,2448.4219129999983,,,,
6x6,MS,pegasus,qpu:pegasus,-1,2400,10,2024,259,8701,timeout,True,865.3306583000085,4503.0,17.386100386100384,34.0,17.386100386100384
6x6,MS,pegasus,qpu:pegasus,-1,2400,10,2025,259,8701,timeout,True,290.33972280001035,4675.0,18.05019305019305,35.0,18.05019305019305
6x6,MS,pegasus,qpu:pegasus,-1,2400,10,2026,259,8701,timeout,True,1435.593894199992,4537.0,17.517374517374517,31.0,17.517374517374517
6x6,MS,pegasus,qpu:pegasus,-1,2400,10,2027,259,8701,timeout,True,776.8343744000013,4755.0,18.35907335907336,37.0,18.35907335907336
6x6,MS,pegasus,qpu:pegasus,-1,2400,10,2028,259,8701,timeout,True,630.5890677999996,4705.0,18.16602316602317,40.0,18.16602316602317
8x8,MS,pegasus,qpu:pegasus,-1,2400,20,2024,413,17603,timeout,False,2418.623609400005,,,,
8x8,MS,pegasus,qpu:pegasus,-1,2400,20,2025,413,17603,timeout,False,2411.4038370999915,,,,
8x8,MS,pegasus,qpu:pegasus,-1,2400,20,2026,413,17603,timeout,False,2411.493460000027,,,,
8x8,MS,pegasus,qpu:pegasus,-1,2400,20,2027,413,17603,timeout,False,2413.868521199998,,,,
8x8,MS,pegasus,qpu:pegasus,-1,4800,20,2024,413,17603,timeout,False,4816.4282312,,,,
8x8,MS,pegasus,qpu:pegasus,-1,4800,20,2025,413,17603,timeout,False,4811.37218820001,,,,
8x8,MS,pegasus,qpu:pegasus,-1,4800,20,2026,413,17603,timeout,False,4814.435746200004,,,,
8x8,MS,pegasus,qpu:pegasus,-1,4800,20,2027,413,17603,timeout,False,4811.246288399998,,,,
8x8,MS,pegasus,qpu:pegasus,-1,4800,20,2028,413,17603,timeout,False,4816.256953700009,,,,
8x8,MS,pegasus,qpu:pegasus,-1,2400,20,2028,413,17603,timeout,False,2409.8409751,,,,
6x6,MS,zephyr,qpu:zephyr,-1,2400,10,2024,259,8701,timeout,False,1055.0839807000011,,,,
6x6,MS,zephyr,qpu:zephyr,-1,2400,10,2025,259,8701,timeout,False,1444.0052056999994,,,,
6x6,MS,zephyr,qpu:zephyr,-1,2400,10,2026,259,8701,timeout,False,1288.617165699994,,,,
6x6,MS,zephyr,qpu:zephyr,-1,2400,10,2027,259,8701,timeout,False,1143.004108699999,,,,
6x6,MS,zephyr,qpu:zephyr,-1,2400,10,2028,259,8701,timeout,False,1045.3535625000077,,,,
6x6,MS,zephyr,qpu:zephyr,-1,2400,20,2024,259,8701,timeout,False,2295.0583521999943,,,,
6x6,MS,zephyr,qpu:zephyr,-1,2400,20,2025,259,8701,timeout,False,2404.068117899995,,,,
6x6,MS,zephyr,qpu:zephyr,-1,2400,20,2026,259,8701,timeout,False,2405.3293047000043,,,,
6x6,MS,zephyr,qpu:zephyr,-1,2400,20,2027,259,8701,timeout,False,2400.907816299994,,,,
6x6,MS,zephyr,qpu:zephyr,-1,2400,20,2028,259,8701,timeout,False,2236.584526000006,,,,
6x6,MS,zephyr,qpu:zephyr,-1,4800,20,2024,259,8701,timeout,False,2249.934027700016,,,,
6x6,MS,zephyr,qpu:zephyr,-1,4800,20,2025,259,8701,timeout,False,2593.6805941000057,,,,
6x6,MS,zephyr,qpu:zephyr,-1,4800,20,2026,259,8701,timeout,False,2499.311949499999,,,,
6x6,MS,zephyr,qpu:zephyr,-1,4800,20,2027,259,8701,timeout,False,2435.898501499993,,,,
6x6,MS,zephyr,qpu:zephyr,-1,4800,20,2028,259,8701,timeout,False,2249.895353300002,,,,
6x6,MS,zephyr,qpu:zephyr,-1,4800,50,2024,259,8701,timeout,False,4806.995550699998,,,,
6x6,MS,zephyr,qpu:zephyr,-1,4800,50,2025,259,8701,timeout,False,4807.3169376000005,,,,
6x6,MS,zephyr,qpu:zephyr,-1,4800,50,2026,259,8701,timeout,False,4806.520021700009,,,,
6x6,MS,zephyr,qpu:zephyr,-1,4800,50,2027,259,8701,timeout,False,4804.375875900005,,,,
6x6,MS,zephyr,qpu:zephyr,-1,4800,50,2028,259,8701,timeout,False,4804.3269003999885,,,,
